Run,Runtime_seconds,Archive_size,Best_f1,Best_f2,Best_f3
1,0.3912829999899259,8,0.030346820809248554,804.9532386275923,1.32664991614216
